,annual_pc_price_change,pe-ratio,ps-ratio,pb-ratio,roe,roa,operating-margin,net-profit-margin,debt-equity-ratio,current-ratio,quick-ratio,inventory-turnover,receiveable-turnover,operating-income,net-income
GLW,0.0594580935506092,28.4,2.16,2.33,15.4245,6.4171,14.9979,7.6623,0.5615,1.5936,1.08,3.6352,7.0269,3.149312377210216,1.606280193236715
NTRS,0.3164138658009867,15.83,3.64,1.95,13.8817,0.8403,,22.7712,0.6464,,0.0,,,0.23500860162202,0.3063978965819456
RCL,0.0295889677332976,0.0,12.67,3.85,-103.44,-16.3074,-252.6109,-343.3448,4.1471,0.4942,0.47,17.6903,3.7546,-0.1589079177096105,-0.0926203569768979
LHX,0.1342471614122549,22.93,2.4,2.09,9.5398,5.3099,11.766,10.3626,0.3655,1.3973,1.18,12.666,15.5853,0.0516808830908177,0.649687220732797
OXY,0.6771456146132482,18.27,1.04,1.31,26.408,3.7182,13.8041,5.8252,1.457,1.2267,1.01,5.2324,6.1683,-1.2344588404659076,-1.0964593301435406
TDG,0.0281650100903227,58.52,7.28,-11.52,-23.4021,3.5258,35.2439,12.6511,-6.8722,4.2273,3.52,1.9283,6.0657,-0.0342661336379211,0.1809338521400778
ZBH,-0.1702420628192358,65.94,3.86,2.07,3.5132,1.8971,12.6009,5.8823,0.5581,1.4086,0.79,0.9127,5.4202,9.35257839641589,-3.891288696904248
DD,0.1539236884459689,7.14,3.41,1.48,4.4621,2.6407,14.9928,51.4643,0.3986,2.9006,2.48,3.8212,5.8203,-3.495364238410596,-3.191460521856998
DLR,0.3065789871167663,27.76,10.5,2.53,9.8473,4.8046,15.6736,37.9752,0.7278,,0.0,,,0.2448010038636769,5.385225296382651
EW,0.4200372684423983,54.21,15.62,13.85,25.7561,17.6781,32.3039,28.7262,0.1021,3.0812,2.38,1.7186,7.8696,0.883133637760088,0.825479718241438
APH,0.3494572507308204,33.79,4.93,8.08,24.844,10.7648,19.3549,14.6263,0.7547,2.4348,1.66,3.9462,4.4306,0.2848510742187498,0.3219212232009305
WHR,0.3329113378977737,7.64,0.62,2.55,36.0263,8.9031,10.68,8.1101,1.0447,1.1392,0.82,6.4689,7.0919,0.4538699690402477,0.6586046511627908
ABNB,,0.0,17.66,0.0,-7.3717,-2.5678,7.1595,-5.8745,0.4153,1.9478,0.0,,1.6129,-1.1194986072423398,-0.9232279171210468
GPC,0.4338068263660892,21.54,1.03,5.45,25.6556,6.2624,6.1626,4.7629,0.6877,1.1785,0.59,3.1457,10.4955,1.802586268599741,-31.884131674798983
MCHP,0.2745932449527353,115.7,7.35,7.65,6.5466,2.1203,18.3528,6.4247,1.6683,0.8903,0.61,3.0971,5.4509,0.5424191713152262,-0.3876621100595865
PARA,-0.1716988979602521,4.12,0.65,0.8,19.4558,7.6237,22.0283,15.8924,0.771,1.7593,1.6,11.7979,4.0931,0.5213819763227834,0.8757225433526012
ETSY,0.2306222247203642,64.21,13.72,44.24,78.5065,12.8792,19.9961,21.1886,3.799,2.1792,0.0,,9.4116,0.0984009773377452,0.41306414389857
MTB,0.2428910277268758,10.52,3.06,1.04,11.5068,1.1984,,29.2903,0.1973,,0.0,,,0.3874653084083206,0.3892770193250388
APTV,0.2660219510323125,66.78,2.85,5.21,7.1137,3.382,7.613,3.3743,0.4751,2.0052,1.53,6.5452,5.6099,-0.4386213408876298,-0.7020915771622386
CRM,0.1420033253943289,51.38,9.83,5.0,9.8137,6.1417,2.141,19.1606,0.0644,1.2347,0.0,,2.7295,0.531986531986532,31.31746031746032
ULTA,0.4359242234294467,90.25,2.57,7.87,8.7937,3.4545,3.8495,2.8582,,1.8715,1.0,3.5976,31.8574,-0.7371858569281657,-0.7509225222928132
SNA,0.2884111221884893,13.79,2.67,2.62,20.0152,12.4473,26.4229,19.2968,0.2855,3.1087,2.29,2.6638,5.3639,0.2759795570698466,0.3086124401913874
PCG,-0.0256821829855538,0.0,1.21,1.14,-0.4146,-0.0852,9.1222,-0.4941,2.1152,0.6356,0.6,7.3507,4.9993,0.0729344729344729,-0.9226100151745068
RL,0.1662818837323394,0.0,1.93,3.24,-4.6498,-1.5353,-0.9907,-2.7518,0.7692,2.6552,2.18,2.0282,8.699,-1.1375399645740767,-1.3151183970856102
AMGN,0.0087490455586662,20.6,4.7,17.7,87.9552,9.6346,29.4045,22.6837,4.9715,1.591,1.26,1.5795,5.3073,-0.1641317430791115,-0.1887389867841409
ACN,0.6065736320528106,35.62,4.17,10.26,29.808,13.8748,15.0822,11.6889,0.0033,1.2519,0.0,,5.1945,0.1700869482447999,0.1564203570237825
PTC,0.0128751776607307,29.87,7.84,6.89,23.3962,10.5805,21.0689,26.3908,0.7062,1.3769,0.0,,3.34,0.8056635771438543,2.649129653008914
AMP,0.5789507147017512,12.59,2.49,5.47,46.4568,1.569,26.3644,20.5495,0.8746,1.0225,0.0,,0.8279,0.7767185148018063,0.7992177314211213
HPQ,0.5725781464399218,5.22,0.55,-18.87,-397.871,16.9434,8.4447,10.3073,-4.5572,0.7628,0.49,6.3119,11.4632,0.5569436374201047,1.3236234458259326
CAT,0.1595971537604412,16.72,2.14,6.42,39.3134,7.8425,13.494,12.7308,2.288,1.4559,0.99,2.5298,2.9336,0.5106523171535251,1.16444296197465
LNT,0.2284030585117604,26.46,4.06,2.43,11.2521,3.6328,21.668,17.9613,1.316,0.5204,0.4,3.6585,8.3386,0.0743243243243243,0.0732899022801303
CCL,-0.0710987996306555,0.0,3.17,1.65,-78.2297,-17.8108,-371.5933,-497.956,2.736,0.9736,0.94,11.4129,7.7561,-0.2002256063169768,-0.0718053927315357
MNST,0.0384948096885813,33.58,9.36,7.74,20.9759,17.6491,32.4373,24.8581,,4.8515,4.24,4.1001,6.18,0.100611516496005,-0.0227859936974761
HON,-0.0028716722990982,25.39,4.1,7.16,29.155,8.7017,18.0275,16.1142,1.0186,1.3006,1.04,4.5531,5.0354,0.0884831460674158,0.1596568319732161
BEN,0.3892858749943753,8.91,1.64,1.15,17.7349,8.6667,22.2539,20.8118,0.5986,1.7239,0.0,,5.8994,0.7875869959004671,1.2377488514548238
FANG,1.2744008990876496,8.05,2.54,1.31,17.1838,9.9397,58.8642,32.1024,0.5049,1.0056,0.96,12.5323,10.1297,-1.7306428049671294,-1.483063980518043
LUV,-0.0808850445963748,26.21,1.62,2.38,9.3816,2.69,10.8993,6.1875,1.0301,1.9681,1.91,19.3724,11.636,-1.4509958071278826,-1.3178269355888093
TRGP,1.0014932980782247,0.0,0.74,1.93,8.1507,2.7755,5.1021,-0.095,1.1128,0.77,0.7,89.5013,12.726,-1.6633434072255886,-0.9904439696106364
EXPE,0.3649546827794561,0.0,3.2,7.92,0.4223,0.0696,2.1633,-3.1286,2.3789,0.8657,0.0,,6.3736,-1.068407502758367,-0.8998883513211761
PNR,0.3924334608998461,21.36,3.15,4.82,22.9572,11.6964,16.9172,14.6887,0.3692,1.2399,0.71,4.3446,7.0462,0.3803640267958328,0.5421081985499163
PAYX,0.5017501894356606,31.39,8.52,11.64,37.2286,11.8942,36.0062,27.0533,0.273,1.2493,0.0,,3.8504,0.0001369394043135,-0.0005463983243784
MS,0.4660753725580973,11.52,2.82,1.54,15.2962,1.2726,32.9144,24.3762,4.4652,0.7798,0.0,,0.6223,0.3641281731169372,0.3872380952380951
MGM,0.4246531846051751,18.31,2.27,1.85,11.0086,2.9546,23.5399,12.9582,1.1634,1.8639,1.84,52.1988,11.2852,-4.546977036243874,-2.214622687184572
GILD,0.2996103105963172,13.69,3.12,4.02,29.4389,9.1256,36.323,22.798,1.3137,1.2724,1.13,4.0797,6.0772,1.436256448047163,49.609756097560975
APA,0.907595562980862,11.32,1.21,-12.87,-183.1241,9.87,23.8522,12.273,-10.4742,1.1242,0.0,,5.6872,-1.390702479338843,-1.2002057613168724
MPWR,0.3548796833505681,96.17,19.26,18.09,19.4555,15.2617,21.7269,20.0384,,4.9565,3.81,2.0135,11.5234,0.6516471343512793,0.4723832699619772
MAA,0.8579698234970665,46.69,13.91,4.03,8.9488,4.8799,26.1444,29.8132,0.734,,0.0,,,0.087377714216343,1.1096611666945244
POOL,0.5296581503583104,34.75,4.27,20.83,60.7269,20.1423,15.726,12.2046,1.1045,2.3765,0.58,2.747,14.0626,0.794688715378908,0.7623016976697261
FMC,-0.0258286722008123,18.57,2.72,4.23,25.6163,7.5451,20.5047,14.6238,1.0092,1.4356,1.0,1.8949,1.9527,0.1534168119447823,0.3390199637023592
NDSN,0.2809259254524676,32.16,6.19,6.71,21.044,11.9856,26.0403,19.2349,0.3875,2.6153,1.88,3.1728,4.8269,0.7597934457652089,0.8208296098004721
D,0.0809046425410868,18.32,4.22,2.04,10.4721,2.684,21.6199,23.5463,1.4033,0.8381,0.65,2.1588,5.4377,0.4690997566909975,-9.199501246882791
HCA,0.57586368011538,11.89,1.43,51.83,518.5359,15.2162,16.665,11.8396,23.223,1.4133,1.21,4.7739,7.2578,0.3382996172772006,0.8529568460309003
EQR,0.5729757002107518,23.87,13.3,2.84,12.5267,6.5978,68.0131,53.9676,0.7456,,0.0,,,0.2715126821903049,0.4603984861830155
NWS,0.2771357497811049,42.37,1.5,1.53,4.2532,2.3195,6.3368,3.5264,0.2529,1.3779,1.3,19.0949,6.247,0.6070460704607046,-1.260047281323877
TMO,0.4353902310410402,34.16,6.72,6.41,18.9157,8.1242,25.5745,19.7011,0.8535,1.4969,1.12,3.8751,4.9155,0.2866307415960996,0.2117647058823528
AMAT,0.8361338208834492,20.94,5.37,9.78,48.0771,22.7996,29.8704,25.5301,0.4452,2.5389,1.86,2.8194,4.6564,0.5782359679266895,0.626968775904946
IVZ,0.3557748408208823,7.13,1.44,0.61,16.1991,6.0253,25.9366,20.2045,0.5827,3.7265,0.0,,5.2326,0.9428500900260366,1.6543445121951224
MCO,0.3557097240495321,42.97,12.67,24.46,75.9259,15.0817,45.7382,35.6063,2.5422,1.607,0.0,,3.6151,0.1909547738693466,0.2452193475815522
BA,-0.0595160235448005,0.0,1.9,-7.99,28.8967,-3.0963,-4.6592,-6.7463,-3.9136,1.3253,0.36,0.7515,5.4742,-0.7726952298895591,-0.6460877621494147
CNP,0.3241220095812298,11.83,1.96,1.79,7.7449,1.7729,16.3194,16.6547,0.0916,1.7157,1.57,3.8405,12.0868,0.3118383060635226,-2.4657534246575343
ABT,0.3054036271712719,34.44,5.64,6.65,19.6286,9.4034,19.5589,16.4156,0.5011,1.8496,1.46,3.5945,6.6402,0.572708605562815,0.5730812013348165
RMD,0.2341430492838112,74.76,11.07,12.23,16.4434,10.0358,28.268,14.843,0.2271,1.7272,1.23,2.9707,5.2041,0.1161218631697866,-0.2367301833436816
EA,-0.0769261778001574,46.66,6.93,4.87,10.676,6.2989,18.5823,14.8694,0.2393,2.4335,0.0,,10.8042,-0.2761245674740484,-0.7245804540967424
CFG,0.3694530055877121,8.47,2.68,0.79,10.8334,1.2308,,31.2553,0.2991,,0.0,,,1.2935285053929122,1.322105263157895
BDX,0.0187674157709984,44.82,3.68,2.8,6.7751,2.9778,11.7662,10.4647,0.7438,1.3338,0.92,3.8279,8.1409,1.468201754385965,1.610169491525424
BRO,0.4930144441983437,33.54,6.31,4.67,13.9889,5.9936,24.9984,18.8176,0.482,,0.0,,,0.2222399010158469,0.2340425531914893
APD,0.1375547087710913,25.85,5.26,3.83,14.5131,7.6123,22.1002,20.3342,0.5421,2.9925,2.83,15.8319,5.1558,0.0195745441544512,0.1125775162982984
CAG,-0.0253419257428305,13.18,1.53,1.95,15.0717,5.8611,16.3679,11.6123,1.0434,0.8173,0.3,4.6824,14.0883,0.2564850676149159,0.5460064278062136
TPR,0.3223772300299805,13.78,1.99,3.49,25.5945,9.9518,16.8456,14.5172,0.488,2.3673,1.85,2.2651,12.6348,-2.7574427610151995,-2.279251648520166
PNW,-0.0778883330428956,11.9,1.94,1.22,10.5613,2.8902,21.171,16.2657,1.2216,0.8829,0.67,3.139,7.4869,0.0217697882857352,0.1238032617757589
PEG,0.1832951492009618,0.0,3.26,2.19,-4.4882,-1.3225,-8.8048,-6.6653,1.3463,0.8838,0.78,4.703,5.2045,-1.377092511013216,-1.3401574803149607
ROP,0.1468022144866378,44.89,10.7,4.44,6.964,3.3959,25.6775,23.8446,0.6851,0.7755,0.75,20.6098,6.1475,0.1461815495428939,0.2136464146572601
PYPL,-0.194790777113578,53.57,8.82,10.14,19.1881,5.4998,16.7987,16.4322,0.3705,1.2218,0.0,,0.6868,0.2958346001824263,-0.0078534031413612
FTNT,1.4197131892546957,99.28,17.97,72.92,75.9895,10.2499,19.4602,18.1557,1.238,1.5533,1.48,4.4539,4.1379,0.2230168194873332,0.2421699078812691
NRG,0.1855411543409211,4.51,0.37,2.73,60.75,9.434,12.3791,8.1033,2.2139,1.3697,1.31,41.1285,6.8604,2.023529411764706,3.288235294117647
PEAK,0.2374554467985017,36.77,9.75,2.61,1.9512,0.9027,16.6289,26.4885,0.8741,,0.0,,,1.0488723294621267,0.221633624956524
HRL,0.0699869596671258,24.26,1.94,3.13,13.028,7.1607,9.8593,7.9819,0.4763,2.0823,1.12,6.9079,12.5952,0.0203386410548425,0.0008336251571994
BWA,0.1840076629386291,19.59,0.71,1.45,8.7992,3.8552,7.7571,3.6191,0.5958,1.737,1.33,7.8116,5.1201,0.8624595469255663,0.074
TYL,0.2323604874919822,140.82,14.25,9.56,6.9473,3.4119,11.3507,10.14,0.5771,1.1625,0.0,,2.9531,0.0451580444814545,-0.1712452520275125
KEYS,0.5634037398743279,37.58,6.81,8.65,23.6258,11.4895,21.8579,18.0935,0.4733,2.929,2.34,2.4093,6.7224,0.411764705882353,0.4258373205741625
ZTS,0.4825460506901058,56.09,14.42,25.03,44.7623,14.6331,31.9959,26.196,1.4507,3.8564,2.79,1.1976,6.8632,0.2464929859719438,0.2435897435897436
CCI,0.3507708167442982,72.24,13.2,10.09,14.0228,2.9662,31.5615,17.2871,2.4981,0.619,0.0,,11.6759,0.0740740740740741,0.097097097097097
AFL,0.3455705555729385,8.76,1.72,1.1,13.0064,2.7453,24.0749,19.5648,0.2393,,0.0,,,0.2796345275306564,-0.0948095437421515
ED,0.2298043204836148,20.85,2.04,1.31,5.8664,1.8902,20.6639,9.8421,1.2063,1.0228,0.94,6.3021,6.0674,0.0648078372268274,0.2225249772933697
FCX,0.6138236703402014,13.98,2.62,2.56,23.3068,11.172,36.6207,18.8488,0.4105,2.517,1.75,3.1199,13.1142,2.432909314731227,6.188647746243739
PFE,0.6673965285443164,14.4,3.89,4.02,28.9936,12.3757,23.9064,27.0384,0.4962,1.3989,1.19,3.4023,7.0815,1.3555151515151516,1.3997161262146522
IT,1.0870216617766402,36.22,6.12,74.24,213.8643,10.7002,19.3443,16.7631,6.6371,0.7755,0.0,,3.4676,0.868308804432605,1.9749761007703983
AAL,0.1388712745719722,0.0,0.4,-1.58,27.1526,-2.9985,-3.5439,-6.6696,-5.1853,0.9121,0.82,15.5075,19.8552,-0.8983782746377507,-0.7756893640967923
FDX,0.0071770450882742,15.47,0.96,3.33,21.6443,6.3194,6.976,6.2304,0.8639,1.5066,1.46,41.8331,6.9566,1.4232519652461728,3.067651632970451
KLAC,0.6803437530703651,23.55,7.09,14.27,61.5395,20.2252,35.9673,30.0386,1.0199,2.7083,1.96,1.7597,5.2998,0.6565559469072382,0.7080190830754816
HIG,0.4426716132932617,9.99,1.06,1.25,13.5073,3.0884,13.9839,10.469,0.2771,,0.0,,,0.2727642276422763,0.3659673659673659
PWR,0.594992848123191,34.09,1.27,3.18,9.6148,3.8271,5.1118,3.7438,0.7336,1.4953,1.47,130.2514,3.8174,0.0853008676740978,0.0905753193475704
COF,0.492772516022818,5.21,1.96,0.95,20.3084,2.8665,,36.953,0.706,,0.0,,,3.935685295035904,4.037894736842105
BMY,0.02886878729048,18.55,2.81,3.5,19.4801,6.4164,17.4582,15.0782,1.2374,1.521,1.43,4.7446,4.9509,-2.1785766264008157,-1.7758180809761508
A,0.3550738724727837,39.44,7.56,8.71,22.4532,11.3031,21.3167,19.1486,0.5064,2.2242,1.74,3.5084,5.3916,0.5921985815602837,0.6828929068150209
CTAS,0.2650427525814607,33.75,5.23,9.75,30.1251,13.4878,19.4692,15.6115,0.6893,1.4701,1.22,7.8906,7.7017,0.1916201655462821,0.2681747460438315
CNC,0.3726470098284191,36.3,0.38,1.78,4.9592,1.7046,1.4161,1.0692,0.6993,1.106,0.0,,10.2943,-0.4211550940947437,-0.2549778761061947
BR,0.2112724270278634,22.17,3.29,9.96,30.262,6.7428,13.5891,10.9638,2.1489,0.9793,0.0,,6.0877,0.0859340832027657,0.1837837837837836
VTR,0.0775333118357646,341.32,4.77,1.74,0.5167,0.2288,10.7719,1.2802,1.0988,,0.0,,,-0.3302520148519193,-0.8884023418019852
MRK,-0.0291812886557374,14.16,3.79,4.81,32.3026,11.6922,27.1004,26.7925,0.8653,1.2678,1.02,2.2889,5.2767,1.3790555155010815,0.84646950615537
OKE,0.6484869426622712,15.76,1.43,3.93,24.9321,6.3489,15.6966,9.0603,2.2682,0.7456,0.56,21.0995,11.4721,0.9071103318233202,1.4498675023581478
ADSK,-0.0790921595598348,51.09,16.25,63.1,125.1165,16.5939,16.5963,31.8734,1.6957,0.8067,0.0,,5.8933,0.8338181727007739,4.631701631701632
CTVA,0.2354057384357029,19.59,2.21,1.32,7.1108,4.3029,15.1773,11.236,0.0436,1.6265,1.09,1.7799,3.254,2.3,1.5829662261380322
LIN,0.3338208423751068,46.77,5.82,3.83,8.7083,4.8477,16.1855,12.4249,0.3127,0.7446,0.62,10.1229,6.8444,0.5003010234798315,0.5297880847660936
PHM,0.3404565194999318,6.45,0.95,1.86,25.9873,14.5763,18.463,13.858,0.3545,,0.0,,,0.4874318343395849,0.3841119920251579
QCOM,0.2230869254365364,14.8,4.21,13.94,90.8844,21.9277,29.1634,26.941,1.5824,1.6798,1.41,4.4182,9.3786,0.5649880095923261,0.7397075798383994
KMI,0.2385879647775077,18.23,1.94,1.01,5.7956,2.6272,17.5557,10.7405,1.0438,0.6578,0.56,11.5534,10.3104,0.8692307692307693,13.991596638655462
MAR,0.2525770105294227,56.78,3.91,37.6,77.7228,4.3009,12.629,7.931,7.1697,0.5659,0.0,,6.9914,19.83333333333333,-5.116104868913857
BKNG,0.0772066251509695,85.32,9.03,15.95,18.8572,4.9279,22.7779,10.6315,1.9021,2.1045,0.0,,8.0692,-4.955625990491283,18.74576271186441
COP,0.8669675231657636,11.01,1.84,1.91,17.7928,8.9112,28.5756,16.7098,0.439,1.3352,1.24,15.3162,7.2487,-7.414113277623027,-3.991114402073306
UNP,0.2332878337612944,22.77,6.8,10.91,46.0631,10.2684,42.827,29.9165,2.0994,0.6182,0.51,13.2416,12.662,0.1919836609650242,0.2194802766872312
PG,0.2053797267386297,23.09,4.34,6.6,31.3472,12.0295,23.6291,18.4385,0.6856,0.6969,0.52,6.2022,16.1096,0.145167451929199,0.0995769351300532
NTAP,0.4244670414886318,21.68,2.73,22.62,106.5693,7.7991,17.9492,12.7089,3.8423,1.7384,1.71,16.9211,6.0783,0.0910052910052909,-0.1086691086691086
TSCO,0.7155745242194613,28.1,2.09,13.05,49.7894,12.8371,10.2638,7.8321,0.5109,1.5742,0.51,3.7669,744.5091,0.3107249402338807,0.3313350014286516
SBUX,0.111642237487578,29.77,4.31,-23.46,-79.0347,13.3799,16.7653,14.4502,-2.7502,1.1969,1.0,5.4484,30.9155,2.1197433052079817,3.523645373262954
SHW,0.4488839151192922,49.74,4.65,37.09,76.4976,9.0213,12.83,9.3479,3.9451,0.8836,0.55,5.9163,8.4784,-0.1064045257717557,-0.0817572892040977
CMA,0.6152703745761823,9.62,3.63,1.32,15.5671,1.2345,,34.0197,0.3541,,0.0,,,1.3993558776167472,1.3651452282157677
IQV,0.5747055868728024,56.88,3.97,8.9,16.0708,3.9329,10.0404,6.9627,2.0068,0.9088,0.0,,5.3177,0.905608755129959,2.462365591397849
ATO,0.1274312036923615,21.07,3.64,1.4,8.4175,3.3942,26.5591,19.5324,0.9271,0.8087,0.76,5.798,9.9353,0.0981667370263448,0.1066102689697943
DGX,0.478560064457205,10.69,1.98,3.05,32.0839,15.2818,22.0708,18.4279,0.6188,1.5636,1.45,31.6298,7.5021,0.2080162354134958,0.3950877192982456
GRMN,0.1590921508615324,23.11,5.01,4.08,17.6999,13.7782,24.4566,21.7187,,2.9429,2.1,1.7044,5.9077,0.1559227500379418,0.0905712247209582
MOS,0.7215358614706093,6.31,1.16,1.31,15.2105,7.4191,19.9759,13.1953,0.3983,1.1124,0.54,3.3403,8.0667,4.978441774335893,1.4479807836661158
ON,1.075160403299725,29.79,4.47,6.38,21.9616,10.5049,19.1044,14.9797,0.6727,2.4502,1.56,2.9181,8.3269,2.6925755886798868,3.3108454312553377
PRU,0.4523890667669088,5.12,0.55,0.6,12.4489,0.8313,13.225,10.889,0.309,,0.0,,,-30.043343653250773,-21.6524064171123
COO,0.1532651983329929,7.03,7.1,2.96,42.4186,30.6542,17.3071,100.7596,0.2133,2.0015,1.2,1.6508,5.6715,0.6221947544546211,11.35192953020134
IDXX,0.3172624882469443,76.48,17.75,80.7,107.9497,30.5614,28.9867,23.1652,1.3387,1.2515,0.9,4.9286,8.7291,0.341966728291607,0.2802951651494734
BAC,0.4957582371163052,11.94,3.91,1.27,13.0332,1.0089,,32.6091,2.2102,,0.0,,,0.7886812319031324,0.8549748072603653
EOG,0.8871150815748632,9.98,2.49,2.1,21.028,12.1979,32.7325,25.0188,0.2303,2.1237,1.98,,7.9837,-12.216911764705882,-8.709090909090909
FTV,0.0813852863307791,39.03,4.84,2.86,6.4537,3.7302,15.4681,10.9217,0.416,0.677,0.54,4.3839,5.649,0.506859382065143,-0.6283753156770058
EBAY,0.3382146849296785,3.17,4.16,3.9,2.5772,0.9464,28.0518,130.595,0.9288,1.9712,0.0,,15.301,0.1088770864946888,1.401270513499206
CSGP,-0.1449560739169948,105.66,16.02,5.46,5.1222,4.0315,22.238,15.0485,0.173,11.7752,0.0,,15.5759,0.4949308787629407,0.2881018632665282
AVB,0.621437116839705,33.04,14.46,3.04,9.1864,5.0465,16.1783,43.7632,0.7412,,0.0,,,-0.2177276501726394,0.2134637458767807
MTD,0.4891987224484064,51.71,10.73,226.16,448.5943,23.1149,26.7551,20.6832,9.8118,1.1071,0.75,3.7303,5.7434,0.2687260775238094,0.2758175595075147
K,0.0746012243834202,14.0,1.47,4.91,35.4686,8.2242,12.3546,10.4929,1.6871,0.6386,0.38,6.882,9.5238,-0.0051107325383304,0.1894484412470023
EVRG,0.2797046100309677,19.98,2.9,1.59,9.6508,3.1272,24.2523,15.7463,1.2082,0.5512,0.37,3.2599,9.8254,0.1844566832765102,0.4227721170952614
LYV,0.6288786064235166,0.0,4.2,-142.69,323.0422,-4.227,-6.6661,-10.6992,-30.4092,0.975,0.0,,5.8772,-0.7472414577375163,-0.6108317787107126
DOV,0.4572532423298043,22.91,3.25,6.09,26.8245,10.8022,16.2071,14.2128,0.7458,1.3606,0.83,4.1452,5.8679,0.3735550028976846,0.6443285619598185
CSX,0.2570582138006767,21.62,6.65,5.99,28.0074,9.3287,44.6734,30.1949,1.2123,1.7344,1.58,10.0649,10.9077,0.2824392480513527,0.3674502712477396
TSLA,0.497555726834884,215.67,22.11,35.21,18.1977,9.084,12.1194,10.2633,0.2203,1.3753,1.08,6.9858,28.1354,2.2713139418254764,7.005797101449275
MLM,0.5611977223414883,38.79,5.03,4.15,10.7425,4.8795,17.9867,12.9756,0.7802,2.6915,1.69,5.4021,6.9948,-0.0314304754326636,-0.0256588072122052
TTWO,-0.1447134125800085,34.78,6.05,6.11,17.6746,9.7691,18.6611,17.4603,,1.8886,1.88,86.5235,6.1017,0.4800112682123774,0.4560190278866336
ORCL,0.3686895210308776,15.91,5.71,35.79,230.9476,10.4846,37.5825,33.9584,14.1541,2.2996,0.0,,7.4836,0.0947754749568221,0.3562900838677849
TAP,0.0407481062616625,0.0,0.9,0.7,7.3807,3.6515,14.1483,9.7834,0.5242,0.7671,0.55,7.7374,11.6895,-4.556856388499498,-2.059747102212856
ESS,0.5237605755209476,43.9,14.9,3.48,8.3492,3.9675,36.791,33.9143,1.018,,0.0,,,0.0784511263813967,-0.1411851565384007
EXC,0.414139245848675,22.34,2.12,1.09,4.6443,1.2149,14.9515,9.5105,0.9927,0.8663,0.83,10.9897,6.2611,0.2240985851209493,-0.1309220580743759
KO,0.1140448068564043,24.87,6.31,9.78,39.4369,10.3907,26.6667,25.2775,1.7201,1.1301,0.96,4.4982,11.0066,0.1457152384128042,0.2612624241641925
TRV,0.1397180398759632,10.37,1.09,1.26,12.677,3.0399,13.781,10.4406,0.2524,,0.0,,,0.3417225950782998,0.3573562359970126
T,-0.0805673695446849,5.96,0.92,0.64,12.9319,4.3102,19.3206,14.8271,0.962,1.6075,1.58,18.1675,10.8859,2.0932871476349737,-4.70162041348482
CB,0.2788393291382907,9.75,2.04,1.34,14.2998,4.2683,25.1642,20.8456,0.2943,,0.0,,,1.2035057716973063,1.416926125106142
CDNS,0.3659019277285054,74.84,17.4,18.82,25.3936,15.8666,26.0718,23.2898,0.1268,1.7666,1.65,2.653,8.8515,0.2068567354981882,0.1782986028809232
ROST,-0.0604309502961237,468.41,3.04,11.67,2.5947,0.6714,1.5139,0.6813,0.7637,1.687,1.31,6.52,108.9067,-0.9116058602644788,-0.9485937981658448
ZBRA,0.5486691124814613,38.33,5.7,10.65,28.0496,13.4674,17.3983,14.8747,0.3321,0.9383,0.67,6.1079,7.4039,0.5038402457757296,0.6607142857142858
PPG,0.2127617670250765,27.77,2.38,6.14,22.477,6.7491,10.1476,8.5645,1.0265,1.4213,0.97,4.7379,5.3306,0.0616438356164383,0.3588290840415487
TER,0.3681038698254786,29.24,8.11,10.27,39.5946,26.6337,32.4266,27.4,0.0423,3.1998,2.9,6.149,6.7234,0.2933120926490213,0.2938760206950992
DHI,0.5874174259256497,7.2,1.09,1.92,27.5443,17.4518,19.085,15.0348,0.3557,6.4192,1.55,1.2075,,0.8340891318639494,0.7591945064666978
REGN,0.3071971186686262,9.13,4.25,3.65,43.0251,31.749,55.6681,50.2455,0.1438,3.5639,3.07,1.2492,2.6624,1.501482133870156,1.2985597176363433
XEL,0.0439843036279166,21.7,2.58,2.24,10.2293,2.7605,16.4024,11.8904,1.4979,0.8401,0.72,9.2742,13.1935,0.0411153119092626,0.0841819416157501
ROL,-0.1143121028716303,47.14,6.79,14.82,32.0878,17.6383,18.4646,14.708,0.1395,0.7174,0.66,40.1928,14.6279,0.19024329152839,0.3366709652266493
USB,0.2431324993924695,10.13,3.25,1.38,16.2906,1.3929,,31.8281,0.793,,0.0,,,0.6800528838208562,0.6457476736637091
OMC,0.219370840380531,9.8,1.01,3.81,39.9502,5.3044,15.3813,9.8521,1.5092,0.9805,0.91,9.6172,1.6866,0.3747185389041783,0.489105140681193
HD,0.5949870138123803,18.18,1.89,82.75,389.9969,18.2287,13.8354,9.7389,11.2877,1.2293,0.51,5.2479,44.1544,0.1536956384523133,0.1444582814445827
EQT,0.7159700066399988,0.0,2.53,0.8,-11.4482,-5.2829,-44.4086,-37.2879,0.5607,0.4409,0.0,,2.1312,0.5506756672072672,0.1918525154907338
BXP,0.2621614994461752,32.96,5.66,2.04,7.8665,2.8255,33.5122,17.1785,1.6358,,0.0,,,0.0692770086223464,-0.4244868230755937
CLX,-0.1151752635620804,30.36,2.92,34.88,121.4527,11.3514,12.6277,9.6717,4.7027,0.8896,0.52,5.508,12.154,-0.2723704866562009,-0.2438764643237486
ALL,0.098767334209346,21.95,0.67,1.25,22.2784,5.1881,13.7345,2.9355,0.3174,,0.0,,,-0.0576427505764275,-0.7280717817249588
WBA,0.3580675186441453,15.64,0.3,1.67,8.207,2.4051,1.7674,1.9184,0.377,0.7171,0.35,12.8008,23.3991,1.3849287169042768,4.574561403508772
WM,0.4381457019452242,37.7,3.83,9.47,25.4982,6.2446,16.5356,10.1277,1.8811,0.7518,0.72,82.3037,7.0428,0.2181594083812654,0.213903743315508
RTX,0.233163392581063,32.12,1.94,1.65,5.5515,2.5681,7.7002,6.0011,0.4217,1.1862,0.93,5.6545,6.6647,-3.624669137109582,-2.0980392156862746
EG,0.1984258976878679,7.68,0.88,1.03,13.5996,3.6114,13.0204,11.6214,0.3047,,0.0,,,1.6365187713310578,1.6828793774319064
PM,0.2079860053485946,14.83,4.29,-16.33,-118.2992,23.5166,41.3151,28.9222,-3.3877,0.9201,0.47,1.1502,7.9708,0.1120157696263284,0.1302887008461921
BG,0.4586556047954317,6.54,0.23,1.61,30.3714,9.0978,3.5992,3.4555,0.7622,1.7653,0.86,6.6171,28.0076,0.4919411352487737,0.823371989295272
STLD,0.7140988863838609,3.84,0.68,1.92,53.1502,25.9098,23.3643,17.4594,0.5084,3.0983,1.51,3.6947,9.6058,4.077190074020596,4.835035637647008
NOC,0.2932688035163144,8.64,1.71,4.56,54.1931,16.4518,15.8438,19.64,0.9885,1.3039,1.22,35.0173,5.1253,0.390159901599016,1.196613358419567
INCY,-0.1561278454817198,17.19,5.46,4.3,25.1613,19.2279,19.6157,31.7648,0.0091,3.6505,3.62,5.4111,4.8455,-3.221579134999014,-4.207949353561247
LOW,0.6333287394130276,20.66,1.34,81.24,406.0543,12.4853,10.7671,6.4857,15.1566,1.192,0.33,3.7068,,0.5278745644599303,0.3615276476101219
AON,0.433833364999127,53.65,5.56,55.43,112.9534,4.0981,17.141,10.2928,8.1105,,0.0,,,-0.2484717727436174,-0.3626206196038598
DIS,-0.1451043161496855,155.2,4.59,3.24,2.7266,1.2455,4.4573,2.9592,0.5849,1.083,1.04,33.9076,5.0436,-2.548171045852653,-1.6965782122905029
CBRE,0.7300701530612246,20.09,1.33,3.86,19.6804,8.3445,5.9016,6.6192,0.3043,1.1976,0.0,,4.2697,0.6885263752941706,1.4422883845375396
WFC,0.611227517542996,9.2,2.3,0.94,13.6652,1.1929,,24.5091,1.0262,,0.0,,,6.215784215784216,10.34154535274356
SWK,0.0730777976894545,17.21,1.92,2.51,14.134,5.5032,11.0887,10.0666,0.569,0.9725,0.35,1.8799,10.3134,0.1801789942888982,0.361568419189237
SRE,0.073782065561972,30.49,3.04,1.45,5.5187,2.0307,9.7534,9.7534,0.8988,0.436,0.4,8.2725,5.0008,-0.5033663366336634,-0.6668437832093517
SO,0.1634730669456978,28.34,2.96,2.08,7.1539,1.8105,15.9997,10.3535,1.6494,0.8209,0.64,3.4942,10.2679,-0.2429887410440122,-0.2327669124719461
BX,1.0708379446377592,15.31,3.97,4.06,57.191,30.039,58.0256,25.9439,0.362,0.6953,0.0,,4.2651,3.995700439413186,4.603218212238237
FE,0.4178217315378376,16.51,1.9,2.55,14.2824,2.7272,15.5049,11.5253,2.7497,0.733,0.67,13.25,8.7037,-0.2016651248843662,0.1890639481000926
MU,0.2421043954856006,14.09,2.99,1.85,13.3408,9.9594,22.6782,21.155,0.1542,3.0988,2.4,3.8516,5.2165,1.092241092241092,1.1812430219575734
RSG,0.4703191607826094,33.66,3.85,4.8,14.3914,5.1785,18.3816,11.4245,1.064,0.7082,0.0,,8.8839,0.2147914106839856,0.3341604631927213
ALLE,0.1504856190637873,24.11,4.07,14.9,63.3919,15.8407,18.4906,16.8445,1.8915,1.8589,1.23,4.3704,10.1214,0.3140024783147461,0.5367483296213809
IR,0.358445126380811,32.14,4.94,2.77,5.7699,3.4538,10.9794,10.9172,0.3793,2.8036,2.22,3.7039,5.4316,8.491630019513456,-17.891891891891895
LEN,0.5399492173865432,7.12,1.15,1.45,21.2254,13.4202,18.9389,16.1337,0.2216,9.5579,1.41,1.1538,55.3373,0.636042974379287,0.7963997247036605
PH,0.183043493750352,22.25,2.7,4.55,20.7622,8.5878,16.4467,12.17,0.7826,1.8139,1.14,4.5941,6.5707,0.3509717887003658,0.452698486651081
EIX,0.1359879762617464,31.75,1.61,1.35,5.85,1.2375,9.9094,5.0923,1.5516,0.6378,0.59,13.1905,10.6617,0.2136400986031223,0.027063599458728
MO,0.2426451894090726,26.32,2.93,-46.61,-154.1096,6.2622,44.4393,9.4722,-17.462,0.7091,0.57,10.0678,553.4681,0.0631840338453049,-0.4474097331240189
TMUS,-0.1399332591768631,48.12,1.81,2.1,4.3761,1.464,8.6023,3.7744,1.1515,0.889,0.78,14.2598,8.9597,0.0385774562989753,-0.0130548302872062
AXP,0.3688601068021415,15.88,2.89,5.44,36.344,4.2748,,18.0758,1.8451,,0.0,,,1.4881284916201118,1.6077075098814229
HAL,0.219872350225361,13.65,1.3,2.96,21.8193,6.5768,11.7686,9.526,1.3566,2.3091,1.76,5.6243,4.1721,-1.7389162561576357,-1.4947368421052631
UHS,-0.0516616218127012,10.85,0.86,1.58,15.9474,7.5429,10.7822,7.8273,0.6766,1.1408,1.04,6.8997,7.238,0.0034895174601023,0.0516051487185591
AIG,0.5392082759865526,8.47,0.94,0.65,14.5016,1.6646,18.1417,17.9784,0.4377,,0.0,,,6.591639871382637,-2.566884312740666
WBD,-0.2176802924559654,15.29,1.28,0.91,9.1844,3.4769,16.504,8.252,1.1324,2.1,0.0,,4.9841,-0.1999999999999999,-0.1747333880229696
ITW,0.2359855981555276,27.81,5.19,20.42,74.2968,16.7569,24.054,18.6372,2.12,1.8369,1.35,5.0112,5.0898,0.2064538514920193,0.2773826458036985
RF,0.3939371124283035,8.21,2.97,1.05,15.1257,1.5472,,34.4729,0.1313,,0.0,,,1.446727549467275,1.4217961654894045
RHI,0.8133914166951333,20.04,1.86,8.59,43.3457,20.2762,12.4366,9.2646,,1.6697,0.0,,6.5619,0.910840157312364,0.9545312071464952
RVTY,0.4036930398138547,24.78,5.94,3.54,12.4549,5.9294,32.8767,24.6396,0.6979,2.011,1.66,3.2727,5.407,0.4510507592246915,0.2957464551503188
FICO,-0.1513971509079523,29.67,8.9,-98.88,-353.4138,25.0089,38.3954,29.7815,-11.3484,0.9853,0.0,,4.2182,0.7079119772678895,0.6584845882805792
ELV,0.461312243464981,18.38,0.81,3.04,16.8706,6.2538,6.307,4.4028,0.6375,1.4654,0.0,,10.3154,0.2388778690847266,0.3350831146106736
GL,-0.0049740295464474,12.78,1.87,1.06,8.6194,2.5025,19.4778,14.5703,0.2344,,0.0,,,0.0126992639830658,0.0180192491387356
TFC,0.2607243372917043,12.02,3.15,1.03,10.2831,1.1893,,26.1067,0.5948,,0.0,,,0.3919153639665245,0.4419216061185469
CINF,0.3328188695515834,6.01,1.84,1.33,22.48,9.3861,38.6604,30.5919,0.0684,,0.0,,,1.397295556986478,1.4226973684210529
GIS,0.1854181320864905,15.42,1.99,3.62,24.0044,7.3677,17.3487,12.9078,1.2905,0.6962,0.48,6.4151,11.0632,0.0646268083732071,0.0727122684760683
NEE,0.2339357623167182,49.54,10.36,3.87,6.2236,2.0062,17.066,20.9327,1.207,0.5327,0.44,2.9001,4.1551,-0.4306098514464425,0.224049331963001
HSY,0.2955371448399231,26.36,4.34,14.01,53.7793,14.2411,22.7806,16.4693,1.8239,0.9009,0.5,4.98,13.3609,0.1464207622379112,0.1554725551103144
JNJ,0.114484258884119,26.7,4.69,5.79,28.2048,11.4703,24.2879,22.2639,0.456,1.3483,1.12,2.8743,6.1359,0.3806146572104019,0.41892075574283
MTCH,-0.1252728355049936,153.78,13.78,-191.42,-140.9528,5.4519,28.5484,9.3093,-20.0639,1.0428,0.0,,15.8279,0.1420971818992509,0.7108649717548929
AME,0.2232112938830974,34.19,6.1,4.9,14.4073,8.321,23.5945,17.85,0.3702,1.3617,0.87,4.7244,6.6889,0.2731689568083559,0.1348105712834937
HAS,0.1188591836470267,30.74,2.05,4.29,14.2111,4.3366,11.8887,6.6772,1.3141,1.518,1.29,3.4912,4.2791,0.5211251578816891,0.926741573033708
MMM,0.0487359608343276,16.12,2.71,6.17,39.2208,12.5956,20.8429,16.7473,1.1486,1.7048,1.15,3.7703,7.5869,0.0290462225946097,0.0866213984217287
GS,0.4759008871164842,6.13,2.19,1.1,21.8044,1.4778,45.5754,35.6444,6.4898,0.8771,0.0,,0.3693,1.1671608301947272,1.3725182277061134
GOOGL,0.6529578236260727,25.81,8.11,7.62,30.2156,21.1633,30.5523,29.5117,0.0589,2.9281,2.91,94.8197,6.555,0.9094216960993596,0.8881273436141945
JCI,0.7746817029348994,28.46,1.98,2.45,9.3105,4.1681,10.8121,6.9165,0.4127,1.0989,0.87,7.5882,4.2166,1.6573208722741437,1.5942947702060222
CMG,0.2607178141067707,60.35,6.05,21.37,28.4231,9.8149,10.6656,8.6522,,1.5813,1.54,177.9093,38.9701,1.7740984741021966,0.8354311541856163
ZION,0.4910725674280476,9.15,3.38,1.26,16.0758,1.2114,,34.5152,0.2566,,0.0,,,1.1517857142857144,1.1782178217821784
SYF,0.3639339924244524,6.05,1.62,1.71,32.6678,4.4084,,44.1475,1.0624,,0.0,,,2.062326099053979,2.1116902457185405
GOOG,0.6517055962737173,26.46,8.14,7.61,30.2156,21.1633,30.5523,29.5117,0.0589,2.9281,2.91,94.8197,6.555,0.9094216960993596,0.8881273436141945
FITB,0.6242681422365814,10.81,3.47,1.24,13.7852,1.3121,,32.1718,0.589,,0.0,,,0.9571508069003896,1.0098261526832957
ADBE,0.1338478765096376,66.85,20.43,21.5,32.5877,17.7013,36.7564,30.548,0.2786,1.2506,0.0,,8.4052,0.3693651168279444,-0.0832699619771862
BK,0.4053921141738938,12.76,2.36,1.02,9.8224,0.8485,,21.9775,1.0112,,0.0,,,0.0402864816472694,0.0376862401402278
IRM,0.8778178591858414,31.13,3.12,16.31,52.8225,3.133,19.0174,10.0237,10.8182,0.714,0.0,,4.6718,-0.0862367559075367,0.3137677162941759
GE,0.0968563927650512,0.0,1.39,2.48,-8.1621,-1.7076,8.2039,-9.107,0.8455,1.2771,0.97,3.401,4.7501,2.21723044397463,-2.2919694072657744
ADM,0.3732876568112622,13.62,0.43,1.62,12.1512,4.8721,3.5109,3.1778,0.4238,1.4538,0.79,5.4735,25.7472,0.6947904869762174,0.5287810383747178
CVS,0.5486949644916865,16.4,0.44,1.71,10.4774,3.3897,4.5164,2.7079,0.7452,0.885,0.62,9.8988,11.9566,-0.051613830781396,0.1018247666805962
STE,0.294826202232979,40.42,5.15,4.09,10.1985,6.0365,17.6465,12.7883,0.4241,2.0968,1.55,5.6001,5.0993,0.0210825555134115,-0.0251656408910389
NXPI,0.4483769647312408,27.74,5.13,8.6,28.1536,9.1354,23.3481,16.9122,1.5616,2.1321,1.65,4.2019,11.9859,5.179425837320574,34.98076923076923
KIM,0.6947329350378666,14.93,8.41,1.45,8.4044,4.6031,31.0927,59.9921,0.7394,,0.0,,,0.2756181376498743,-0.1607251052626722
DPZ,0.4840078134038621,40.71,4.81,-4.74,-12.1264,30.5337,17.9101,11.715,-1.2045,1.4567,1.34,39.0635,17.0659,0.0754723299543949,0.0390212824855076
JBHT,0.5062969483040978,28.19,1.76,6.78,24.4019,11.1976,8.5922,6.2524,0.4174,1.3375,1.32,293.5844,7.0613,0.4661365822343,0.503465175333722
UPS,0.3001805012320946,13.75,1.82,12.31,90.3357,18.5722,13.1672,13.2495,1.5358,1.4192,0.0,,7.7575,0.6671004685059865,8.597915115413254
LLY,0.6607570413667629,44.04,8.7,28.16,60.9702,11.4365,22.4487,19.7105,1.8444,1.2259,0.97,1.8818,3.4844,0.0493727139740132,-0.0988100812115536
HWM,,53.86,2.79,3.82,7.4718,2.5247,15.0443,5.1488,1.2064,2.1844,1.07,2.5649,11.8381,0.194888178913738,-0.0115830115830115
SYY,0.0831429425750507,0.0,0.77,24.05,33.7569,2.448,2.8211,1.0219,7.1371,1.4664,0.96,11.3501,13.5341,0.930861200321973,1.4328065900916576
ICE,0.1993888636373864,18.56,10.54,3.29,17.8873,2.1028,48.2648,56.787,0.6118,1.0058,0.0,,5.9156,0.1371579294427958,0.942556247008138
DUK,0.1910993680168788,19.83,3.05,1.47,7.5711,2.1953,22.3387,15.4421,1.313,0.6239,0.43,2.2372,6.9906,0.2032378035440822,1.9937007874015744
AWK,0.2481052031571309,25.67,8.41,4.56,17.3061,4.8437,30.4326,32.1374,1.5052,0.7258,0.7,,14.2909,-0.0416666666666666,0.781382228490832
CAH,-0.0035199596556905,16.0,0.09,8.64,34.1137,1.3767,0.2905,0.3761,3.476,1.124,0.6,10.668,17.8476,-1.1151781356759396,-1.1653138528138527
LDOS,-0.1418408437010336,16.46,0.9,2.79,17.4724,5.7236,8.3861,5.4815,1.1685,1.1208,1.04,42.7847,6.2755,0.1543086172344689,0.1990445859872611
FOX,0.2020457537268296,9.6,1.6,1.78,19.7843,9.6005,21.4192,16.6551,0.7147,2.9144,2.67,11.0247,6.3622,0.1073287945534642,1.1521521521521525
FI,-0.0884419462497804,52.16,4.31,2.13,4.4298,1.84,14.1008,8.2214,0.6705,1.0314,0.0,,0.9827,0.2354211663066954,0.3924843423799582
XRAY,0.0731785760089973,28.33,2.83,2.37,8.2249,4.4485,14.3701,9.714,0.4193,1.4687,1.06,3.6583,5.6413,-203.66666666666663,-6.63013698630137
STZ,0.1611169456093704,20.34,5.1,2.88,14.5867,7.4961,32.3985,23.1924,0.7497,2.3989,1.38,3.2135,10.9702,0.2954750522162914,-170.32203389830508
TROW,0.3487659451237306,13.92,5.46,4.51,33.42,24.7702,48.3583,39.135,,3.3713,0.0,,7.2493,0.3512037003314274,0.3012048192771084
BALL,0.0412513686429372,35.49,2.26,8.19,23.8263,4.4537,9.3476,6.3573,2.0996,0.8774,0.58,6.1755,5.3949,0.2871385842472582,0.5008547008547009
SPG,0.9576732223613884,20.95,9.2,12.76,67.3985,7.6048,47.1622,43.9005,6.5718,,0.0,,,0.2238457173083194,1.02509855962756
ARE,0.2808701854056914,55.2,14.43,1.74,2.774,1.7463,24.505,26.649,0.4622,,0.0,,,-0.0112506870648588,-0.2594562764280861
MPC,0.6099465431780791,4.09,0.33,1.09,7.8274,2.9904,3.5838,8.1162,0.783,1.7039,1.25,13.6571,10.8739,-1.351106393402466,-1.991044168532465
NCLH,-0.1844278411325206,0.0,11.73,3.55,-185.2542,-24.061,-393.8893,-695.476,5.1165,0.885,0.85,13.6038,0.555,-0.2674371113633657,0.1231330283208982
DG,0.1300538802770539,17.82,1.41,6.84,39.8582,10.266,10.5336,7.8676,0.6202,1.2107,0.29,4.3884,371.825,0.5440030751790055,0.5503443685020335
SCHW,0.6021347705531137,30.89,8.07,2.76,12.6439,0.8775,47.8618,28.9417,0.4225,0.4089,0.0,,0.2045,0.8060309698451509,0.7614196516595464
NDAQ,0.6012159951942144,29.04,5.84,5.33,18.5324,5.9011,24.4818,20.1665,0.9102,0.943,0.0,,10.0102,0.1677471636952998,0.272240085744909
AMT,0.3288742299300866,48.97,13.43,13.95,28.31,3.6739,33.4726,27.4418,4.7691,,0.0,,,0.0846753246753246,0.5188098899798887
EL,0.4003340245872349,39.89,7.05,18.46,47.2008,13.0854,16.1455,17.6997,0.9143,1.8437,1.37,1.5305,9.527,3.32013201320132,3.1959064327485383
VICI,0.2377087812694978,15.67,10.26,1.42,8.3954,5.8143,94.9899,67.1617,0.3852,,0.0,,,0.5852385037521168,0.137019807687563
NSC,0.2725567838651859,23.66,6.41,5.05,22.0292,7.8066,39.912,26.9521,1.0146,0.8596,0.77,14.0917,11.416,0.4813457694870087,0.4940298507462686
PEP,0.2053924573662522,30.19,2.9,14.19,47.545,8.3127,14.0449,9.5855,2.4973,0.8308,0.67,8.5289,9.156,0.1073412698412699,0.0699438202247191
MA,0.0115632345605363,40.53,18.68,47.13,117.6622,23.0614,53.3891,46.0019,1.8828,1.2877,0.0,,6.2821,0.2476178690756094,0.3550148182810795
DVN,1.9608643220653923,9.36,2.14,2.75,30.1415,13.4744,26.0855,23.046,0.6896,1.3764,1.34,18.693,7.9106,-2.1156271899089,-2.049626865671642
NOW,0.1792780190033247,569.39,22.32,35.07,6.2246,2.13,4.3589,3.901,0.4265,1.0548,0.0,,4.2417,0.2914572864321607,0.9327731092436976
CSCO,0.4575796626913773,20.69,4.4,5.29,25.6596,10.8629,25.7598,21.2594,0.2792,1.4896,1.43,11.4971,8.64,-0.0577826725403818,-0.0555555555555555
JNPR,0.633740112668751,44.76,2.37,2.53,5.8537,2.8435,8.183,5.3364,0.3907,1.5756,1.43,7.3195,4.7621,0.0974225155982679,-0.0197827773467805
FIS,-0.2189680016124034,152.73,4.65,1.34,0.8953,0.5113,7.6025,3.005,0.4298,0.7402,0.0,,1.7033,0.911231884057971,1.6392405063291138
KR,0.4540004265699775,10.03,0.19,2.59,27.0995,5.3183,2.0981,1.951,1.4045,0.8137,0.35,14.3844,74.3953,0.2350066637050198,0.5581675708257987
ABBV,0.3240096345592231,19.41,3.96,14.35,74.8186,7.8817,31.8949,20.5385,4.9679,0.7935,0.71,5.5774,5.6327,0.5774003344187275,1.500433275563258
HBAN,0.2702230546875703,10.37,2.86,1.05,7.5622,0.7451,,19.3262,0.3852,,0.0,,,0.6368312757201646,0.6080892608089261
WY,0.269084158331371,13.43,2.9,2.58,24.2129,14.7689,35.7122,25.5563,0.4736,3.2862,2.74,11.7365,19.2109,1.130409356725146,2.271016311166876
ODFL,0.8414850677678676,40.0,7.89,11.12,28.1095,21.4532,26.4748,19.6787,0.0272,2.9808,0.0,,8.7737,0.5344910439265624,0.5376879417020226
ES,0.0821508767503469,24.23,3.0,2.02,8.4114,2.5325,20.2099,12.3747,1.3508,0.5593,0.51,12.6047,8.0445,0.0023069964645832,0.0127451216304463
AKAM,0.1147728355081436,29.78,5.61,4.15,14.385,8.0067,22.6263,18.8269,0.4362,2.4299,0.0,,5.1207,0.1892285928354213,0.1698004143224896
ETN,0.4669295299947402,31.23,3.41,4.04,13.0448,6.3068,12.5484,10.9232,0.5215,1.0415,0.63,4.4773,5.9533,0.350328947368421,0.5205673758865248
XYL,0.1893597982261596,43.58,4.0,6.56,13.2362,5.1595,11.2608,8.2194,0.7564,2.2717,1.77,4.6,5.4512,0.5940054495912805,0.6811023622047243
VRTX,-0.0708301599390708,24.32,7.55,5.53,23.1891,17.4361,36.7303,30.9213,0.0505,4.4634,4.3,2.5607,6.6629,-0.0259776634107062,-0.1362982630821994
FOXA,0.2825710301305799,10.14,1.69,1.89,19.7843,9.6005,21.4192,16.6551,0.7147,2.9144,2.67,11.0247,6.3622,0.1073287945534642,1.1521521521521525
UDR,0.6109694650978126,116.23,12.94,5.11,4.6943,1.4941,20.7604,11.2946,1.5579,,0.0,,,0.0757317254308458,1.428326337530815
PSX,0.0849705051752642,22.79,0.27,1.37,7.367,2.8672,-0.5221,1.1814,0.6677,1.1481,0.88,30.0831,14.9232,-0.8968816442239547,-1.3313207547169812
MMC,0.5081671327691306,27.56,4.38,7.58,28.2837,9.23,21.7558,15.8577,0.9758,1.242,0.0,,3.5482,0.4063926940639268,0.5590277777777777
V,-0.0032079254079253,38.97,22.27,11.28,35.6748,14.8511,65.5632,51.0724,0.5581,1.7541,0.0,,6.4694,0.1223634685036574,0.1329836186269095
NVR,0.4483021476227125,18.4,2.56,6.78,41.1913,21.1968,18.3613,13.8165,0.505,5.9538,3.59,3.473,482.483,0.4688646489201495,0.3722293974577475
YUM,0.3005380908085107,25.74,6.19,-4.64,-18.8105,26.3996,32.4879,23.9216,-1.3431,1.0827,0.0,,11.047,0.4231536926147705,0.7422566371681416
AXON,0.2813188606871786,0.0,12.18,10.62,-5.7277,-3.5551,-19.4726,-6.9515,,2.651,2.39,2.9669,2.6912,10.88147703180212,33.81322505800464
MAS,0.2961575226087241,41.26,2.03,291.4,853.5714,8.574,16.7761,4.8478,52.8393,1.7648,1.14,4.5329,7.152,0.084942084942085,-0.665843621399177
NWSA,0.2518651046236244,44.83,1.59,1.62,4.2532,2.3195,6.3368,3.5264,0.2529,1.3779,1.3,19.0949,6.247,0.6070460704607046,-1.260047281323877
AZO,0.7684488459981103,16.18,2.44,-18.22,-120.7383,14.951,20.1272,14.8351,-2.9317,0.8705,0.24,1.4897,38.6625,0.2179147852134215,0.2523653007665443
AEP,0.1068739887882936,16.79,2.49,1.86,10.9704,2.8381,20.315,14.8172,1.5903,0.6284,0.55,5.526,8.6485,0.1417816380493357,0.1309031407663288
CPRT,0.1915127701375245,37.79,13.11,9.87,26.5356,20.5275,42.2069,34.7815,0.1127,4.0439,3.94,30.0085,5.3781,0.3925099773434348,0.3380277665461269
XOM,0.5764195375798695,10.66,0.86,1.39,13.4322,6.9626,10.9347,8.0661,0.2715,1.0443,0.71,11.7912,,-2.0813973617698998,-2.0267379679144386
SLB,0.3958204371506033,22.04,1.81,2.67,12.6129,4.6446,12.059,8.2036,0.9286,1.2215,0.91,5.8897,4.314,0.6696859903381642,-1.1788362806617227
ILMN,0.0282162162162162,75.33,12.57,5.56,7.095,5.0076,-2.7176,16.8361,0.1578,2.4822,2.09,3.1833,6.9846,-1.2120689655172414,0.1615853658536585
PAYC,-0.0819458316197639,122.88,22.84,26.88,21.9265,6.0949,24.0229,18.5652,0.0326,1.1314,1.13,143.1353,40.7491,0.3623625237074408,0.3660223208995281
MCK,0.445386150342328,0.0,0.13,172.73,-2479.428,-6.6738,-2.1156,-1.9053,86.9429,1.029,0.59,11.7469,12.42,-3.0249096022499,-6.043333333333333
BLK,0.2941363828024899,22.79,6.94,3.49,16.4127,4.0649,38.4536,30.4584,0.3843,3.0156,0.0,,5.1132,0.3081650570676031,0.1964720194647202
CMI,-0.0166844205771369,14.25,1.27,3.28,23.9513,9.127,11.2651,8.8714,0.4603,1.7376,1.12,4.208,6.0203,0.1925958572058175,0.1911682504192287
VRSN,0.1729205175600738,36.21,21.5,-22.25,-62.261,39.5604,65.2908,59.1142,-1.4167,1.1813,0.0,,,0.0516864838631399,-0.0369370474904896
FLT,-0.1795623648425759,22.41,6.68,6.16,29.2857,6.2627,43.8487,29.6251,1.6953,1.0374,0.0,,0.9734,0.2780014993856099,0.1921015711088642
AOS,0.5912768889229121,27.53,3.8,7.15,26.5855,14.0197,17.2229,13.7642,0.1074,1.5665,1.17,4.9765,5.5783,0.384597280964434,0.4122934183821398
PKG,0.0161034704206723,14.48,1.56,3.31,23.3173,10.7327,16.0589,10.7978,0.6891,3.0885,2.07,6.4901,7.1683,0.7148779824392848,0.8248797551377351
WST,0.6587623088282615,53.68,12.53,14.84,28.3378,19.971,26.568,23.3719,0.1083,2.9322,2.3,4.3758,5.7906,0.848857667450889,0.9116117850953204
WEC,0.0864419952374924,22.35,3.49,2.61,11.7163,3.3305,20.6217,15.6361,1.4028,0.7079,0.54,5.2076,5.523,0.0051579626047713,0.0836736394699557
CDW,0.5685311276816638,28.48,1.36,38.3,140.0878,7.4897,6.8153,4.7481,9.7187,1.2712,1.09,18.5989,4.2191,0.203359229443037,0.2537729866835765
GPN,-0.3691168475749318,40.58,4.61,1.47,3.8187,2.1817,15.9422,11.3267,0.463,1.0556,0.0,,9.008,0.5200752701679765,0.6517142270580991
HSIC,0.1595871971283278,17.38,0.89,2.62,16.2442,7.7821,6.8704,5.0883,0.2149,1.6662,0.86,4.6894,8.5406,0.5925233644859813,0.5618811881188119
MDT,-0.0981485458126389,45.82,5.48,3.18,7.0346,3.8997,14.8886,11.9733,0.5114,2.6499,2.14,2.4306,5.5139,-0.0640784804842412,-0.2470244309876801
TSN,0.3848729643652226,8.95,0.58,1.53,17.139,8.4277,9.3435,6.4762,0.5236,1.5529,0.86,9.2476,19.6038,0.461436170212766,0.4784085395439108
PPL,0.1291123501022235,0.0,3.77,1.52,0.1312,0.0542,24.6239,-25.5923,0.8168,2.1554,2.02,4.5404,9.0218,-0.1021437578814628,-2.0074880871341048
SPGI,0.4468773342981376,37.11,13.53,53.11,154.8647,21.7157,50.8738,36.4469,1.9525,2.3093,0.0,,5.0285,0.1669892175836329,0.2928601966652415
CZR,0.2593240877878013,0.0,2.06,4.4,-21.7133,-2.5926,15.256,-10.6479,3.0372,1.1259,1.12,101.7619,20.2754,-4.81201044386423,-0.4200341491178144
CI,0.1227211039252174,14.16,0.44,1.53,11.4895,3.4961,4.5583,3.082,0.7144,,0.0,,,-0.0267386238194529,-0.3656892882478127
STT,0.3105465648306011,12.18,2.58,1.17,10.6078,0.8559,,21.3267,0.5547,,0.0,,,0.0973211258053576,0.1395657953035003
IEX,0.1980887570432314,39.25,6.38,6.27,16.0287,9.1373,23.0396,16.2543,0.4246,3.4958,2.72,4.1585,7.7576,0.2233529434697629,0.1895182636315509
HUM,0.1379867739196536,20.21,0.71,3.67,18.2202,6.6144,3.7898,3.531,0.7961,1.6237,0.0,,45.7905,-0.3686321700762134,-0.1288981288981289
MDLZ,0.1588521048445368,20.94,3.14,3.13,15.2314,6.43,16.2013,14.9721,0.6889,0.7383,0.55,6.4498,9.0088,0.2076304178562158,0.209563994374121
LYB,0.0502645364611595,4.81,0.58,2.23,47.3635,15.304,14.6688,12.15,0.9783,1.6898,1.01,7.6305,9.6034,3.3444515715202057,2.9507042253521125
BBWI,0.8887556457126202,13.26,1.31,-16.45,-130.8623,7.4756,24.9301,13.1178,-9.6309,1.9742,1.77,5.8357,43.473,0.5423076923076924,-3.3060109289617485
VTRS,-0.2612650134516022,0.0,0.77,0.77,-6.1929,-2.3141,-0.1901,-7.0954,1.1266,1.103,0.7,3.095,4.1924,-0.8387185376836221,0.8944618599791012
CVX,0.4631678248276043,13.53,1.3,1.52,11.2112,6.5498,13.3192,9.6175,0.2242,1.2593,1.01,14.1592,8.8205,-3.9033946061988463,-3.81887064766372
JKHY,0.0429447852760738,42.71,7.06,8.94,23.6088,13.3325,22.6774,17.715,0.0759,1.0439,0.0,,5.2203,0.0475318356291067,0.0498907870076987
ROK,0.4119071417392665,24.52,4.76,12.24,49.8979,12.5617,21.811,19.4086,1.4777,1.0238,0.76,5.1368,4.9122,0.3433676612974212,0.327047097908931
ALK,0.0019230769230769,13.82,1.07,1.73,12.5756,3.4263,11.0913,7.7396,1.0045,0.9822,0.97,,11.3114,-1.3859154929577464,-1.3610271903323263
PGR,0.1081909149183515,17.99,1.26,3.27,18.8914,4.7108,9.8673,6.9683,0.2687,,0.0,,,-0.3819479997830796,-0.4145516670482766
SNPS,0.4214627372319086,69.12,12.45,9.62,14.2738,8.6419,17.4776,18.0181,0.0189,1.1636,1.07,3.7628,7.3952,0.1848755661818144,0.1402414701955454
HUBB,0.3559108985270589,27.69,2.63,4.91,16.5618,7.0264,12.6916,9.4967,0.645,1.7643,1.14,4.5954,6.2107,0.0764408493427704,0.1380000000000001
VRSK,0.1085307127234922,55.41,15.0,12.86,21.358,7.7753,37.0112,27.0538,1.1659,0.491,0.0,,7.2151,-0.0469517982800165,-0.065244843552687
MKC,0.0267502141774487,29.54,3.53,5.0,15.8875,5.4479,16.0671,11.9549,1.1937,0.6811,0.31,3.2338,11.4975,0.0156078039019509,0.0105699759165105
HES,0.4211659717478189,40.22,2.95,3.19,12.6672,4.3383,25.9924,7.3718,1.2323,1.4184,1.35,,6.2618,-1.827455919395466,-1.1807306821855803
CTLT,0.2302296531180936,34.65,4.35,4.33,14.9425,6.4201,20.7104,13.2316,0.7583,2.4398,1.97,4.6998,3.9506,1.1015228426395938,2.057803468208093
WRB,0.2733359524345664,14.52,1.58,2.11,15.4628,3.2132,15.1244,10.8138,0.49,,0.0,,,0.6719513166067861,0.9267906608626832
IP,-0.0199541419515048,9.72,0.88,1.8,8.9518,3.2207,8.289,9.0482,0.6143,1.7124,1.28,7.6251,5.991,0.0735785953177257,2.6348547717842323
JPM,0.2772525294777155,9.71,3.56,1.49,18.641,1.2911,,35.5242,2.4263,,0.0,,,0.663046209688678,0.6965705946734768
ENPH,0.0425713797230296,179.35,18.92,56.94,33.8121,6.9952,15.6168,10.5242,2.4122,3.3253,3.16,11.124,4.1425,0.1576542461609427,0.0854808015224448
HOLX,0.0512151585884939,11.22,3.59,4.44,44.3204,20.961,44.0371,33.228,0.7234,2.3882,2.01,3.6642,5.8161,1.244615384615385,0.6781743185078908
CHTR,-0.0144811427707655,26.26,2.47,6.2,29.3016,3.7336,20.3669,9.0051,5.043,0.2862,0.0,,20.0396,0.2523497917906008,0.4444444444444444
CL,0.0207522681499108,31.74,3.96,70.32,240.7827,15.5452,19.1263,12.4333,7.4614,1.0854,0.67,4.1643,13.4318,-0.1423423423423423,-0.1962894248608534
EXPD,0.4252239789908245,15.97,1.37,6.3,40.5617,18.6447,11.5552,8.5665,,1.7806,0.0,,4.3366,1.0302561629626243,1.0333438676128366
EQIX,0.202749468968084,147.81,11.13,6.82,4.5923,1.7899,16.7004,7.5381,1.2628,1.8413,0.0,,9.7323,0.0524575279601262,0.3526828331670169
BSX,0.1816411682892904,61.57,5.12,3.64,6.2564,3.2269,10.0774,8.2857,0.5454,1.478,1.1,2.305,6.6862,-16.164556962025316,-9.565217391304348
WMT,0.0196903556717562,28.46,0.69,4.34,15.6585,5.4282,4.0325,2.4162,0.5583,0.9722,0.49,9.3509,85.812,0.0962660443407235,-0.0921309051811034
SEDG,-0.1208009526197042,91.39,7.99,11.31,12.9134,5.8315,10.5475,8.6141,0.5054,3.2585,2.54,3.5106,4.3035,0.4529860571867883,0.2055842989695129
CBOE,,,,,14.6749,7.7629,23.06,15.0881,0.3604,1.3096,0.0,,9.4556,0.2170037097542403,0.129122055674518
CMS,0.0969662915354536,13.24,2.44,2.49,10.4538,2.5319,15.6365,18.3927,1.7354,1.1919,0.89,4.6027,7.772,-0.0682926829268292,0.7854304635761589
EXR,1.0095323787048898,36.29,18.57,7.5,23.1845,8.38,61.8725,52.4705,1.5736,,0.0,,,0.4650868488475623,0.7179017765406961
AIZ,0.1645271922498361,6.57,0.9,1.54,11.0338,1.7774,7.571,13.3211,0.4031,,0.0,,,0.3341988127997322,2.2151149016820653
CPT,0.8335098436198598,57.75,14.99,4.45,7.322,3.9161,17.6009,26.5749,0.7431,,0.0,,,0.0705007312857333,1.4526232537869923
URI,0.4328402766579649,17.25,2.46,3.97,23.1347,6.8303,23.4356,14.2651,1.6166,0.8264,0.76,35.75,5.7937,0.2649999999999999,0.5573033707865169
FRT,0.6591785524459093,40.63,10.74,3.9,10.7497,3.5302,41.4965,26.6453,1.5469,,0.0,,,0.3633584780536329,1.0495536291887697
AJG,0.3900893583810876,37.72,4.17,4.05,11.1564,2.864,14.632,11.0459,0.7341,1.0559,0.0,,0.6985,0.125456760048721,0.1074743527112849
PXD,0.6622579558221875,18.96,2.59,1.66,9.2744,5.7537,22.7003,14.4643,0.3035,1.5156,1.43,21.2114,8.6851,15.787878787878787,-11.59
WMB,0.3843444844180723,19.12,2.72,2.04,11.1048,3.2807,24.7577,14.2467,1.679,0.9149,0.84,10.372,5.3726,0.1948228882833786,6.278846153846154
FSLR,-0.1188839466235341,19.9,3.19,1.56,7.8646,6.3219,20.071,16.0326,0.0403,4.3903,3.47,3.292,6.4291,0.8480977293701517,0.1765711488496439
DTE,0.0245698286563431,24.21,1.47,2.51,9.021,1.9789,9.9906,6.0612,2.0846,0.5227,0.39,10.7319,8.1771,-0.0385852090032153,-0.3369883040935673
DLTR,0.3006293965198074,17.96,0.95,3.26,18.4193,6.4839,7.4008,5.2604,0.4428,1.354,0.44,5.171,,0.4957205706539609,0.6226118500604596
AMCR,0.0620063591539561,17.97,1.31,3.43,19.7262,5.5329,10.2714,7.3011,1.3045,1.212,0.75,5.0874,6.8997,0.3289738430583502,0.5343137254901962
ANSS,0.102583837273227,77.89,18.53,7.79,10.1388,7.1886,26.9191,23.8435,0.1681,2.1048,0.0,,1.9646,0.0340779533081188,0.0478004641761564
MET,0.3734859820672536,8.09,0.73,0.72,9.7049,0.8655,11.4322,8.9378,0.2686,,0.0,,,0.1730908040998988,0.2238489693700636
ALB,0.5975696669189903,215.78,8.05,4.65,3.4439,1.8219,23.9917,3.7162,0.4124,1.0637,0.64,2.9175,5.3409,0.578518896348841,-0.6708785301412589
TDY,0.1145721720495942,39.15,4.14,2.68,5.8423,3.0859,13.5297,9.6504,0.5378,1.6213,1.12,3.683,4.2575,0.3003539471680789,0.1079870614580742
BBY,0.0446977020606635,14.3,0.54,5.48,39.1977,9.4299,5.059,3.8043,0.3002,1.1919,0.66,6.5376,44.5448,0.1901443504230959,0.1667748215444515
L,0.2888282031399256,9.48,1.03,0.74,8.8814,2.0863,17.7799,10.7662,0.4735,,0.0,,,-3.7460484720758696,-2.694951664876477
LW,-0.1838882616282282,37.08,3.21,24.36,66.1257,7.5498,12.9342,8.6573,5.6958,2.8821,2.05,5.5285,10.0052,-0.1474230826760787,-0.1314566821535937
BF.B,-0.0783351844215117,40.7,10.57,13.72,33.9985,13.8455,33.6897,26.0907,0.9635,4.2669,2.36,0.7807,4.5963,0.068744271310724,0.0918984280532042
PCAR,0.0564537202194981,15.76,1.24,1.67,16.0902,6.3217,10.4565,7.9308,0.8998,2.5291,2.29,9.6621,1.7429,0.3721617852161785,0.4336766062096526
CRL,0.5079644600976545,49.58,5.47,7.49,15.7085,5.678,16.662,11.0442,1.0491,1.2332,1.04,11.0749,5.5067,0.3631206306392083,0.0732300496288815
WRK,0.037949422096889,15.11,0.67,1.07,7.207,2.8799,6.8345,4.4719,0.7009,1.5531,0.96,7.0473,7.2466,-6.000837245357388,-2.213344912433058
EMN,0.2357743209538136,18.03,1.48,2.53,14.9793,5.5867,17.4971,8.1806,0.8913,1.5638,1.06,5.3032,6.6304,1.473684210526316,0.7928870292887029
VFC,-0.1204122058074912,68.64,3.03,9.16,11.6128,2.5804,6.5769,4.4147,1.872,2.1651,1.69,4.1162,7.1176,-0.3450874952454973,-0.3997062325501986
CPB,-0.071718110948686,14.7,1.49,3.9,31.9594,8.5904,18.2279,11.8216,1.6037,0.9344,0.42,6.0718,14.2454,0.3956639566395663,-0.3845208845208845
CME,0.2946071650770447,29.32,16.4,2.81,9.624,1.34,56.4045,55.8053,0.1257,1.0085,0.0,,10.7933,0.0029574581026767,0.2431597947938439
CHRW,0.1717564391659098,16.38,0.6,6.6,41.7543,12.0124,4.684,3.6544,1.0013,1.4443,0.0,,5.8287,0.6072470927650568,0.667081341413567
DE,0.2885866151337084,17.58,2.39,5.58,32.3587,7.0916,17.2679,13.5449,2.6262,2.1512,1.91,4.2938,7.3705,0.9577646149884108,1.167575427117412
CE,0.3170826279107357,9.52,2.12,3.84,42.2746,16.0167,22.7949,22.1389,0.8744,1.5198,0.91,3.8419,5.1212,1.930722891566265,-0.0478589420654912
STX,0.8756359708713806,17.83,1.91,30.33,208.2409,15.147,13.9687,12.3022,8.1442,1.2937,0.88,6.4485,9.2237,0.1476923076923078,0.3087649402390438
ADP,0.4259515643487246,31.3,5.43,14.2,45.8281,5.3278,22.156,17.3171,0.5264,1.0695,0.0,,5.5017,0.0582172072444855,0.0535171295357794
LH,0.543650396512452,12.65,1.87,2.8,23.1618,11.6726,20.2191,14.7467,0.5366,1.9154,1.77,26.15,5.4128,0.3329115891060765,0.5277295803611595
WDC,0.1772883191911896,27.37,1.3,2.04,7.6579,3.1417,7.2096,4.8517,0.8138,2.0035,1.26,3.4295,7.4976,2.6417910447761197,-4.284
DRI,0.2948702828015523,21.76,2.1,6.12,22.4805,5.9346,9.0146,8.745,0.3305,1.0123,0.91,29.8878,105.5147,12.542829943277544,-13.009541984732824
CDAY,-0.0197072072072073,0.0,15.27,7.13,-3.385,-1.0522,-3.4661,-7.3618,0.5085,1.1075,0.0,,7.0007,-5.551282051282051,17.85
WELL,0.3697868714372465,107.58,7.5,2.02,2.0137,1.0727,15.9054,7.0884,0.7599,,0.0,,,0.1148628384621377,-0.6565969654000026
ACGL,0.2323260327141669,8.48,1.94,1.24,17.6115,4.9654,23.7978,22.6315,0.2059,,0.0,,,0.2312351045068637,0.5348567976309271
MRO,1.4975138336840468,13.24,2.26,1.11,8.8527,5.5667,23.353,16.8898,0.3756,1.1124,1.07,6.9351,4.9046,-2.1084745762711865,-1.6519641626464507
MOH,0.4955802144066201,28.27,0.67,7.01,25.057,5.3977,3.6729,2.373,0.9095,1.4281,0.0,,12.7566,-0.0538033395176252,-0.0208023774145617
ORLY,0.5604878803279052,22.71,3.71,-712.64,-3258.944,18.4721,21.8882,16.2422,-57.6153,0.7667,0.14,1.7111,34.5566,0.205772077226116,0.2353378584285128
KHC,0.0800617356004305,32.03,1.57,0.82,2.0709,1.0964,13.2862,3.886,0.4412,0.9923,0.69,6.3613,13.3071,0.6259398496240602,1.8426966292134832
TJX,0.1283715304888315,1020.9,2.3,12.65,1.543,0.2921,1.811,0.2801,1.0428,1.4569,1.06,5.6564,64.6098,-0.8682128186357038,-0.97249550989199
EPAM,0.8653550997628017,82.02,10.5,15.23,19.2982,13.6708,14.4304,12.8162,0.0185,2.9728,0.0,,4.8875,0.4296904493256426,0.4722215429759138
FFIV,0.3908718881436854,37.02,4.73,5.11,14.0344,6.6284,15.1349,12.7233,0.1564,1.1578,1.14,22.3598,7.6451,0.0044816401885348,0.0774132272533592
KDP,0.1749575180851581,24.2,4.09,2.06,8.5896,4.2393,22.818,16.9203,0.4758,0.4714,0.33,6.3826,11.0479,0.1669354838709678,0.6196226415094339
MHK,0.2925150762681803,12.22,1.13,1.42,12.263,7.266,11.9191,9.2241,0.2758,1.7779,0.97,3.3165,6.0873,1.0990688708526073,1.0038188888565638
EMR,0.1817530543115253,23.55,2.97,5.4,23.4506,9.4153,18.5567,12.6289,0.6717,1.35,1.02,5.2063,6.138,0.1194177968905061,0.1720101781170484
NEM,0.074221708972626,39.9,3.79,2.1,0.8069,0.4339,10.2847,9.5402,0.2889,2.8998,2.55,5.8441,36.2671,-0.5520313613684961,-0.5878402262283493
MSFT,0.5247613215315421,34.53,11.98,14.06,43.1522,18.3568,41.5949,36.4517,0.4095,2.08,2.05,19.8149,4.4184,0.3201910912215109,0.3836860052844335
LMT,0.0318956997978872,15.02,1.41,8.4,57.6239,12.4133,13.6075,9.4192,1.0649,1.4157,1.2,19.4509,34.1539,0.0554141601110595,-0.0758085760280989
CTSH,0.096383918297076,21.29,2.46,3.78,17.8217,11.9707,15.2699,11.547,0.0554,2.0805,0.0,,5.203,0.336802270577105,0.5352011494252873
DFS,0.2979282403208461,6.24,2.54,2.38,44.1143,4.9428,,45.0838,1.5086,,0.0,,,3.922648083623693,3.846920289855072
BAX,0.0844900747513761,32.63,3.28,4.54,14.198,3.8633,13.3761,10.0438,1.9362,2.0944,1.52,3.1305,4.8627,0.0581683168316831,0.1651542649727768
DXCM,0.4523152656064049,346.42,23.39,25.51,10.6214,4.3967,10.8556,8.8585,0.9705,5.1115,4.62,2.1495,4.7608,-0.1125208681135224,-0.6054211388029835
ECL,0.0938544517337884,58.65,5.2,9.07,15.7726,5.3946,12.5547,8.8737,1.2075,1.3191,0.9,5.1051,5.1376,0.1453750806047142,-1.9375985395402875
PANW,0.5666176782176422,0.0,9.02,61.19,-78.6289,-4.8713,-7.145,-11.722,5.0843,0.9083,0.0,,3.4312,0.6988832402234637,0.8685393258426966
AVY,0.4143204285189534,23.78,2.1,9.02,38.4587,9.2842,11.7562,8.802,1.6133,1.0733,0.72,6.719,5.9026,0.3372563598172455,0.331354560172693
CF,0.8711290291783846,16.14,2.27,2.36,20.8748,10.1818,26.4454,14.0257,0.5741,1.8108,1.53,10.174,13.1549,1.7752808988764044,1.892744479495268
SWKS,0.0273678870684375,17.59,5.16,4.92,28.2853,17.441,31.5653,29.3261,0.422,4.3514,3.01,2.9341,6.7563,0.808365509837522,0.8388561610211096
PSA,0.6662224018014771,34.85,17.67,6.44,37.2889,11.2747,49.1988,50.7182,0.799,,0.0,,,0.1909038727279168,0.577336604952041
CARR,,28.77,2.33,6.55,23.978,6.4993,12.8317,8.0726,1.3668,1.7213,1.42,7.4279,8.578,-0.1420694129095037,-0.1604439959636731
MCD,0.2780664057370816,26.24,8.28,-41.75,-163.9903,14.0104,44.5939,32.4903,-7.7424,1.7782,1.76,191.4155,12.4028,0.4139814309120699,0.59501109819258
NFLX,0.1141234997133504,53.6,9.24,16.88,32.2806,11.4753,20.8584,17.2276,0.9712,0.9506,0.0,,,0.350952578997747,0.8527693430313301
HII,0.1212496970272438,13.28,0.76,2.56,19.3732,5.119,5.3864,5.7119,1.1745,1.1496,1.08,50.6584,14.8349,-0.3579474342928661,-0.2183908045977011
TXN,0.1754030594402158,21.73,9.12,12.44,58.269,31.484,48.8443,42.1718,0.5806,5.327,4.58,3.1246,10.7842,0.5201900237529691,0.389367816091954
DHR,0.485650780396154,37.89,8.14,5.17,15.1447,7.6301,25.3455,21.2848,0.4909,1.431,1.09,4.1565,6.36,0.7643583077286693,0.7860398860398861
FAST,0.3403727142407609,38.1,5.89,11.6,30.4056,21.5166,20.2532,15.3887,0.1282,4.1873,1.95,2.1224,6.6773,0.0662112454019969,0.0767081829821907
WYNN,-0.2462995918818149,0.0,2.56,-11.71,121.0203,-8.076,-10.4829,-20.0811,-14.2721,2.2331,2.18,36.5684,18.869,-0.6797673786265923,-0.6343994059726834
UNH,0.452130759810349,27.11,1.63,6.15,23.6285,8.356,8.3346,6.0101,0.613,0.7888,0.0,,10.2413,0.0698504798036152,0.1221839901317924
DAL,-0.0281037175882538,92.59,0.83,6.4,7.2035,0.3864,6.3079,0.9365,6.9257,0.7603,0.71,20.4873,12.4372,-1.151255112679445,-1.0226079935405732
O,0.2015072985847656,70.11,12.37,1.55,1.4356,0.8363,15.6139,17.2777,0.6145,,0.0,,,-0.00307907984217,-0.0911030984661909
GD,0.4373535252080953,15.5,1.42,3.13,18.4627,6.5045,10.8217,8.4666,0.6516,1.4299,1.05,6.0039,3.3338,0.0072586498911202,0.0284180612567097
AMD,0.5690764365936105,55.78,10.77,23.17,42.1769,25.461,22.1979,19.2406,0.0418,2.0243,1.56,4.3504,6.0687,1.6647187728268809,0.269879518072289
BKR,0.1897294672012566,0.0,0.91,1.41,-1.9706,-0.9346,6.3896,-1.0682,0.4017,1.6504,1.22,4.135,3.628,-1.081987733133058,-0.9779678068410462
HPE,0.3738166428998575,5.38,0.66,0.89,17.1205,5.9394,4.0743,12.3344,0.6718,0.9126,0.69,4.0807,3.5121,-4.440729483282675,-11.642857142857142
MKTX,-0.2750986869356679,59.71,22.04,14.72,24.7658,16.8505,48.2487,36.8964,,2.7258,0.0,,1.4801,-0.1000539057663157,-0.1385844603960893
SEE,0.4936171376605971,19.68,1.81,39.02,197.5072,7.8853,16.28,9.1583,14.9099,1.031,0.67,5.3092,7.5516,0.1431287726013486,0.0081559578277303
LRCX,0.5365595078605605,23.49,6.3,14.96,64.8471,24.5936,30.6439,26.7224,0.8299,3.303,2.54,2.9081,4.8328,0.6762733366195401,0.735740110038712
MRNA,1.431128553651766,8.98,5.94,7.24,86.2637,49.4629,71.9831,66.0603,0.0423,1.7606,1.6,1.8161,5.8176,-18.4259501965924,-17.33467202141901
GWW,0.2879695620715639,25.58,2.04,12.03,51.5741,16.8993,11.8799,8.0095,1.0935,2.625,1.4,4.4396,7.4242,0.5181550539744848,0.5007194244604316
AVGO,0.5642933126098821,33.51,7.85,8.32,26.985,8.9136,31.0346,23.4499,1.5916,2.6407,2.43,8.1773,13.2545,1.12232187344295,1.417198648141194
COST,0.5181229123361204,39.86,1.02,10.98,28.0949,8.5695,3.4237,2.5555,0.4144,1.0022,0.52,12.0073,108.6683,0.2342226310947561,0.2511244377811095
DVA,-0.0310051107325383,13.72,1.1,11.82,129.4413,7.0774,15.4695,8.4213,9.5158,1.3207,1.28,74.2117,4.8201,0.0606224581562058,0.2647322663454154
TT,,33.79,3.41,7.45,23.2293,8.0687,14.3127,10.069,0.7719,1.3616,1.04,6.3149,5.8189,0.3200032620041753,0.6649900573166454
RJF,0.5949632395081137,13.5,1.94,2.22,16.8975,2.2669,18.0225,14.375,0.4307,0.9867,0.98,,1.9971,0.3215627347858754,0.7151589242053791
F,1.3750032109738242,4.17,0.55,1.57,36.8352,6.9679,3.3174,13.156,2.8401,1.2014,1.07,9.5028,11.9913,-2.0260889292196005,-15.024237685691949
GM,0.4080213734742348,8.76,0.64,1.32,15.1105,4.0639,7.3415,7.7454,1.6619,1.1034,0.93,8.4021,3.7307,0.4054868857401266,0.5746758444053146
NKE,0.1869770490088091,37.44,4.81,16.48,44.8578,15.1749,15.5755,12.8587,0.7374,2.7177,2.01,3.5856,9.9794,1.2269662921348314,1.2556124458448208
UAL,0.0122543352601156,0.0,0.56,2.82,-39.0535,-2.8808,-4.1487,-7.9727,6.8586,1.1929,1.14,9.3774,14.813,-0.839282906117314,-0.7221672089404442
BIIB,-0.0201747937596995,23.07,3.28,3.22,15.7632,7.2353,15.8919,14.1699,0.6636,1.8279,1.51,1.561,7.0877,-0.6542446070816458,-0.6110333449982503
LKQ,0.7108873657675527,17.2,1.35,2.87,18.8526,8.6546,11.2614,8.3352,0.4859,1.9649,0.76,2.9747,12.1985,0.4949290060851927,0.7100313479623825
VZ,-0.0753192656185104,8.6,1.42,2.31,27.1851,6.1697,24.2851,16.5141,1.8133,0.7788,0.71,18.4291,5.6032,0.1267449128411695,0.2395371046570418
INVH,0.5556359005353133,92.0,12.43,2.64,2.0609,1.0938,27.1575,13.077,0.8298,,0.0,,,0.1607418661050659,0.3337385831920068
QRVO,-0.0594214229867084,28.77,5.28,4.44,15.8467,10.1588,22.5793,18.2704,0.3764,3.6442,2.9,4.1981,8.2832,1.1422318290821163,1.1943049427951844
KMX,0.3786788058437433,26.5,1.04,4.47,17.1131,3.4673,5.5048,3.9415,3.4533,2.4237,0.57,5.2487,79.2661,-0.1575874402307029,-0.1592849432652772
MSI,0.6190506696342775,37.06,5.64,-1946.93,-5434.783,10.2552,20.4014,15.2368,-247.5217,1.332,1.14,5.2424,5.8954,0.205350686912509,0.3119072708113803
IFF,0.4149803470654347,140.36,2.92,1.71,1.3212,0.7035,5.0189,2.3164,0.5398,1.9232,1.23,3.1483,6.1154,0.0335689045936395,-0.256198347107438
META,0.2313296236637867,24.37,8.18,7.38,31.5265,23.7187,39.645,33.3845,,3.1543,0.0,,8.4001,0.4310244559395182,0.3507856995814176
SJM,0.2103482797663587,15.7,1.72,1.63,10.7855,5.3813,17.3292,10.9038,0.5848,0.6771,0.34,5.0672,14.9948,0.1338393149870695,0.1257902206166945
ANET,0.978869119317204,54.5,15.56,11.12,21.1344,14.6633,31.368,28.5225,,4.3364,3.75,1.6416,5.7076,0.3216524888378183,0.3251039701713163
KMB,0.096866993559695,25.03,2.34,61.32,250.2035,10.3381,13.1739,9.3313,11.6337,0.8246,0.49,6.008,8.8083,-0.2105425400739827,-0.2287414965986394
NUE,1.1844681557506689,5.15,0.95,2.07,48.7707,27.5814,25.3718,18.6251,0.3893,2.4818,1.32,4.2352,9.4666,8.263409920947252,8.475690057647737
PODD,0.0408402769627977,1156.83,16.42,33.09,3.02,0.82,11.4671,1.5289,2.29,5.8121,4.49,1.1435,6.8248,1.4466019417475726,1.4705882352941178
GNRC,0.5475133019656129,42.35,6.04,10.13,25.1376,11.4103,19.2962,14.7302,0.4426,1.5991,0.66,2.1814,6.8388,0.5051700458771127,0.5702558075852311
WAB,0.265311821413835,30.77,2.19,1.65,5.5181,3.0617,11.1992,7.1337,0.3963,1.3168,0.74,3.2285,5.2959,0.1758389261744966,0.3478260869565217
TGT,0.3292050627389673,19.8,0.92,5.94,30.2493,8.5233,6.989,4.6686,0.8781,1.0314,0.5,6.2121,,0.4038213825676255,0.3313014324900944
OTIS,,29.81,2.6,-11.64,-45.1654,11.5645,14.7433,8.7145,-2.3133,1.3224,1.22,16.246,4.4239,0.286150091519219,0.3752759381898454
HLT,0.4020320511196906,59.38,5.96,-52.82,-49.6948,2.6358,17.4499,7.0836,-10.7033,0.951,0.0,,5.4195,-3.416267942583732,-1.573426573426573
TECH,0.6339359847622728,128.75,19.38,11.08,8.8838,6.1683,25.4874,15.0811,0.2172,3.353,2.59,2.5541,6.4039,0.5074165126191881,-0.3876474077175353
ALGN,0.2297990194243795,67.75,13.24,14.28,21.3105,12.9924,24.7028,19.532,,1.2962,1.18,4.4183,4.4055,1.5218834886609502,-0.5652766390673285
VMC,0.4109229268373511,40.79,4.91,4.13,10.2578,4.9238,18.2054,12.0817,0.5908,2.2054,1.53,8.0161,6.62,0.1285032249089732,0.1476475620188193
NI,0.247543318642003,19.86,2.19,1.45,10.2822,2.4374,20.5507,10.8131,1.3477,0.6994,0.52,2.7919,5.2957,0.8280672686634338,-8.287482806052267
CHD,0.1888253747197816,30.33,4.83,7.53,25.5938,10.3483,20.7915,15.9438,0.7927,0.5944,0.34,5.4662,12.7993,0.0479751383898221,0.0529329431225347
MSCI,0.3814100445604815,69.19,24.58,-303.55,-444.1163,13.1836,52.4934,35.5257,-25.4573,1.7134,0.0,,3.0753,0.2124419619243096,0.2063085098251642
WTW,0.1415748653880029,6.96,3.33,2.12,16.2008,6.1653,24.4721,46.9215,0.3447,,0.0,,,1.5634458672875438,3.238955823293173
PLD,0.7232948061197346,40.78,25.82,3.15,8.3565,5.3835,67.3818,61.6369,0.4694,,0.0,,,0.5134878505519731,0.9913971823107656
LVS,-0.3684559656675482,0.0,6.77,12.75,-65.347,-7.3234,-16.273,-22.6972,6.5814,2.1481,2.14,119.3636,20.9604,-0.5053840631730079,-0.4296735905044511
VLO,0.4032889647100832,31.44,0.25,1.46,6.4995,2.225,1.8688,0.816,0.6999,1.256,0.88,17.6932,10.9826,-2.348955034832172,-1.6544686840253342
AAPL,0.3464791343057689,24.89,6.48,36.42,150.0713,26.9742,29.7824,25.8818,1.9768,1.0746,1.02,32.3679,7.1024,0.6435704803282645,0.649161310550243
C,0.009987910317188,5.58,1.45,0.55,11.9874,0.9609,,27.6821,3.1339,,0.0,,,1.015038145539906,1.1012248203259438
NVDA,1.254782663430376,75.25,19.49,19.02,25.6438,15.0464,27.1784,25.979,0.4122,4.0904,3.63,3.4387,6.865,0.5924104005621926,0.5493562231759657
CEG,,,,,-0.7147,-0.1726,-1.7609,-1.0433,0.7057,0.9981,0.84,9.4433,8.1161,-2.3515625,-1.3480475382003396
INTC,0.0601688790093479,9.99,2.51,2.07,20.828,11.7977,24.6204,25.1417,0.3994,2.1323,1.74,3.2674,8.3561,-0.178308978798885,-0.0493325039475572
TFX,-0.1989562744527013,31.78,5.49,4.06,12.9202,7.0596,19.1111,17.2758,0.4927,2.1013,1.4,2.6379,7.3248,0.2691526494197978,0.4474776633942097
AES,0.0588824454851455,0.0,1.41,3.38,-25.6101,-2.8972,-9.5503,-3.6711,4.0944,1.1319,1.0,13.957,7.8568,-2.5420289855072467,-9.891304347826088
SYK,0.1022090325728719,50.29,5.85,6.65,13.4032,5.7578,15.104,11.6554,0.8388,2.202,1.47,1.8527,5.6612,0.1623931623931624,0.2470293933708567
LULU,0.1247593598253025,73.04,9.77,16.75,23.0173,14.0713,18.6281,13.3787,,2.4054,1.67,2.9941,70.5441,-0.07774528210742,-0.0877994907031641
PFG,0.5141358087872085,11.01,1.3,1.1,10.8981,0.5768,14.6087,11.9935,0.2704,,0.0,,,0.2303519338647772,0.2255337440894109
COR,0.3803160965261203,15.77,0.11,41.5,264.3015,2.6939,1.1002,0.7196,11.437,0.9382,0.57,13.4722,11.6368,-1.4584286444514762,-1.451763068557193
BRK.B,0.2895156768879112,7.51,2.46,0.75,17.6348,9.4711,43.6588,32.5105,0.2219,,0.0,,,0.6167511329203872,1.1117800616166131
GEN,0.2759283395946741,21.65,4.76,-23.36,-139.2,10.9417,35.1235,21.717,-7.202,0.72,0.0,,21.8034,1.5239436619718312,-0.8574736300488809
TXT,0.599299695673819,23.27,1.41,2.44,10.9611,4.7198,6.9779,6.0249,0.5528,2.5657,1.46,2.9691,14.7757,0.6875,1.4142394822006472
HST,0.1886562309412482,0.0,4.02,1.81,-0.1706,-0.0891,-8.6505,-0.3806,0.7588,,0.0,,,-0.7376705141657922,-0.9849726775956285
INTU,0.7025556560017812,69.73,14.81,14.46,20.8937,13.2895,25.9525,21.4056,0.2061,1.9424,0.0,,18.7413,0.1488970588235294,0.1292442497261774
ISRG,0.3175650898423177,76.99,22.99,10.75,14.4593,12.7488,31.8909,29.8524,,5.0834,4.57,2.9835,7.2954,0.7346161173556869,0.6072034697341129
AEE,0.1709015289167699,25.0,3.52,2.22,10.1231,2.7844,20.8477,15.4833,1.3849,0.6964,0.49,2.7517,12.3199,0.0253846153846153,0.1366245694603902
BIO,0.2961368236868287,5.39,7.81,1.65,31.0865,23.9011,17.1199,145.5669,0.0008,2.9231,2.08,2.2446,6.9003,0.1875261970416271,0.1153648614176023
WAT,0.5059413143642391,33.33,8.31,61.56,188.501,22.3864,29.4955,24.8699,4.1188,2.3937,1.87,3.2478,4.5473,0.2729992300411006,0.3283771528708459
KEY,0.4590058725700603,8.04,2.69,1.13,16.8266,1.4017,,32.7867,0.7348,,0.0,,,1.0912596401028276,1.0363783346806792
ADI,0.2097523957457645,45.33,8.71,2.31,3.6597,2.6574,23.1229,18.9993,0.1782,1.9414,1.51,2.3265,5.0158,0.1294562167444022,0.1389797020055523
J,0.2859774571878775,41.13,1.22,2.84,7.0432,2.8759,4.8826,3.385,0.4843,1.3371,0.0,,4.5439,0.2838133360150618,-0.0301212780449126
AMZN,0.023767783364275,51.35,3.64,12.24,24.134,7.9334,5.2954,7.1014,0.3526,1.1358,0.91,8.3439,14.2842,0.0864666579326607,0.5641085743753222
SBAC,0.389467197372612,119.9,18.57,-7.86,-4.4976,2.4243,33.8914,10.292,-2.3286,0.9969,0.0,,22.6467,0.2348156159962429,8.858280783272486
IPG,0.6466390585152431,14.72,1.37,3.87,27.1035,4.8862,14.0244,9.3041,0.8238,1.0314,0.0,,1.3609,1.4408566003694083,1.7137567644545713
IBM,0.1683047537723019,19.31,1.93,5.8,24.8039,3.5697,10.9015,10.014,2.7218,0.8786,0.83,15.6853,7.3943,0.5467590301830776,0.0273703041144901
TRMB,0.3058259697468923,39.63,6.14,5.55,12.4927,6.9412,15.3317,13.4651,0.3278,1.2204,0.92,4.4712,5.8564,0.3363517562419038,0.2636573480379585
CTRA,0.2349672671385716,9.72,2.24,1.16,9.8654,5.8191,45.3465,33.488,0.2662,1.7508,1.72,21.0,3.3259,4.283783783783784,4.746268656716418
TEL,0.3512703027457047,19.55,2.96,4.08,21.2056,10.5069,16.3104,15.1511,0.3848,1.5599,1.02,3.9968,5.0967,3.532588454376164,-10.381742738589212
CMCSA,-0.0221969569482468,15.72,1.91,2.22,14.1902,5.014,17.8863,12.1657,1.026,0.8453,0.0,,9.6923,0.1900188646887326,0.3441237896335676
ETR,0.171304237553979,19.01,1.81,1.82,9.6132,1.8816,15.717,9.5248,2.3136,0.5853,0.39,3.1183,8.5692,0.0432010038463821,-0.1943638922622367
FDS,0.4748663493744895,36.05,9.07,13.84,39.3161,17.9596,29.7868,25.1086,0.5653,2.9571,0.0,,10.5263,0.0781988354637674,0.0714649620044081
REG,0.7138928309273307,33.2,10.23,1.96,5.995,3.3939,38.775,30.9915,0.6087,,0.0,,,2.290321407001535,7.051215219764307
PNC,0.3821725563965903,15.63,4.01,1.4,10.2735,1.0275,,27.0585,0.5524,,0.0,,,1.0379119276757072,0.9915316642120766
EFX,0.5283984080021125,47.9,7.24,9.79,20.7847,6.7793,23.1118,15.114,1.4703,0.4892,0.0,,6.7673,0.6819388587143278,0.430878677177466
DOW,0.068600625309825,6.53,0.75,2.15,34.1801,10.1683,14.3374,11.423,0.783,1.5763,1.02,5.9944,5.7534,3.898073337476694,4.1636513157894735
